citation_id,scope,source_type,citation,source_url,last_reviewed,status,replacement_policy
scipy-chi2-contingency,chi_square_gof,maintained_official_documentation,"SciPy developers, scipy.stats.contingency.chi2_contingency",https://docs.scipy.org/doc/scipy/reference/generated/scipy.stats.contingency.chi2_contingency.html,2026-07-18,reachable,Replace only with the current canonical SciPy API page after preserving the archived version and review decision.
r-chisq-test,chi_square_gof,maintained_official_documentation,"R Core Team, stats::chisq.test",https://stat.ethz.ch/R-manual/R-devel/library/stats/html/chisq.test.html,2026-07-18,reachable,Replace with the current R manual page and record any changed defaults or simulation behavior.
r-chisquare-distribution,chi_square_gof,maintained_official_documentation,"R Core Team, non-central chi-squared distribution",https://stat.ethz.ch/R-manual/R-devel/library/stats/html/Chisquare.html,2026-07-18,reachable,Replace with the current R manual page after numerical benchmark review.
r-pwr,pwr_adapter,maintained_package_documentation,"Champely, pwr package",https://cran.r-project.org/package=pwr,2026-07-18,reachable,Replace only after recording package version and rerunning matched adapter benchmarks.
welch-1947,welch_t,primary_method_source,"Welch (1947), The generalization of Student's problem when several different population variances are involved",https://doi.org/10.1093/biomet/34.1-2.28,2026-07-18,stable_identifier,Retain DOI; add an accessible mirror if the publisher page becomes unavailable.
satterthwaite-1946,welch_t,primary_method_source,"Satterthwaite (1946), An approximate distribution of estimates of variance components",https://doi.org/10.2307/3002019,2026-07-18,stable_identifier,Retain DOI; add an accessible mirror if the publisher page becomes unavailable.
pearson-1900,chi_square_gof,primary_method_source,"Pearson (1900), On the criterion that a given system of deviations from the probable in the case of a correlated system of variables is such that it can be reasonably supposed to have arisen from random sampling",https://doi.org/10.1080/14786440009463897,2026-07-18,stable_identifier,Retain DOI; add a bibliographic mirror if the publisher page becomes unavailable.
whitehead-1993,ordinal_regression,primary_literature,"Whitehead, J. (1993). Sample size calculations for ordered categorical data. Statistics in Medicine, 12(24), 2257-2271.",https://doi.org/10.1002/sim.4780122404,2026-08-03,stable_identifier,Implements Var(beta) = 3 / (n * (1 - sum p_j^3) * P1 * P2). Replace only with a later edition that preserves the same variance expression.
demidenko-2007,logistic_regression,primary_literature,"Demidenko, E. (2007). Sample size determination for logistic regression revisited. Statistics in Medicine, 26(18), 3385-3397.",https://doi.org/10.1002/sim.2771,2026-08-03,stable_identifier,Source of the two-arm Fisher information used for the binary-predictor branch.
hsieh-bloch-larsen-1998,logistic_regression,primary_literature,"Hsieh, F. Y., Bloch, D. A., & Larsen, M. D. (1998). A simple method of sample size calculation for linear and logistic regression. Statistics in Medicine, 17(14), 1623-1634.",https://doi.org/10.1002/(SICI)1097-0258(19980730)17:14<1623::AID-SIM871>3.0.CO;2-S,2026-08-03,stable_identifier,"Source of the continuous-predictor branch, which powers a one-SD change."
hartung-knapp-2001,meta_analysis_random,primary_literature,"Hartung, J., & Knapp, G. (2001). On tests of the overall treatment effect in meta-analysis with normally distributed responses. Statistics in Medicine, 20(12), 1771-1782.",https://doi.org/10.1002/sim.791,2026-08-03,stable_identifier,Source of the variance rescaling and the t reference with k-1 degrees of freedom.
inthout-2014,meta_analysis_random,primary_literature,"IntHout, J., Ioannidis, J. P. A., & Borm, G. F. (2014). The Hartung-Knapp-Sidik-Jonkman method for random effects meta-analysis is straightforward and considerably outperforms the standard DerSimonian-Laird method. BMC Medical Research Methodology, 14, 25.",https://doi.org/10.1186/1471-2288-14-25,2026-08-03,stable_identifier,Confirms the k-1 convention and the performance claim the implementation relies on.
lan-demets-1983,group_sequential_t,primary_literature,"Lan, K. K. G., & DeMets, D. L. (1983). Discrete sequential boundaries for clinical trials. Biometrika, 70(3), 659-663.",https://doi.org/10.1093/biomet/70.3.659,2026-08-03,stable_identifier,Source of the alpha-spending function used to solve the efficacy boundaries.
schoenfeld-1983,logrank_two_arm,primary_literature,"Schoenfeld, D. A. (1983). Sample-size formula for the proportional-hazards regression model. Biometrics, 39(2), 499-503.",https://doi.org/10.2307/2531021,2026-08-03,stable_identifier,Source of the required-events formula.
rouder-2009,bayes_factor_t,primary_literature,"Rouder, J. N., Speckman, P. L., Sun, D., Morey, R. D., & Iverson, G. (2009). Bayesian t tests for accepting and rejecting the null hypothesis. Psychonomic Bulletin & Review, 16(2), 225-237.",https://doi.org/10.3758/PBR.16.2.225,2026-08-03,stable_identifier,Source of the JZS Cauchy prior on delta.
mackinnon-2002,mediation_indirect,primary_literature,"MacKinnon, D. P., Lockwood, C. M., Hoffman, J. M., West, S. G., & Sheets, V. (2002). A comparison of methods to test mediation and other intervening variable effects. Psychological Methods, 7(1), 83-104.",https://doi.org/10.1037/1082-989X.7.1.83,2026-08-03,stable_identifier,Source of the joint-significance approach used for the indirect effect.
schuirmann-1987,tost_equivalence,primary_literature,"Schuirmann, D. J. (1987). A comparison of the two one-sided tests procedure and the power approach for assessing the equivalence of average bioavailability. Journal of Pharmacokinetics and Biopharmaceutics, 15(6), 657-680.",https://doi.org/10.1007/BF01068419,2026-08-03,stable_identifier,Source of the two one-sided tests procedure.
cohen-1988,effect_size_conventions,primary_literature,"Cohen, J. (1988). Statistical Power Analysis for the Behavioral Sciences (2nd ed.). Lawrence Erlbaum Associates. DOI resolves to the 2013 Routledge reissue of the same second edition.",https://doi.org/10.4324/9780203771587,2026-08-03,stable_identifier,"Source of the small/medium/large landmarks shown in the glossary and effect-size aid, which are labelled as conventions rather than standards. The registered DOI is the 2013 Routledge reissue; the 1988 first printing predates DOI assignment."
